{
   "GoldPacks":[
      {
         "Cost":20,
         "Amount":150
      },
      {
         "Cost":50,
         "Amount":400
      },
      {
         "Cost":140,
         "Amount":1200
      },
      {
         "Cost":280,
         "Amount":2600
      }
   ],
   "Boxes":[
      {
         "Cost":30,
         "Multiplier":3
      },
      {
         "Cost":80,
         "Multiplier":10
      }
   ],
   "TokenDoubler":[
      {
         "Cost":50,
         "Amount":1000
      }
   ],

   "Offers": [
      
      {
         "OfferID": 3,
         "DataReference": [16,5],
         "Skin": 0,
         "ShopType": 0,
         "BGR": "offer_box",
         "OldCost": 0,
         "ShopDisplay": 0,
         "Cost": 0,
         "Timer": 3600,
         "Multiplier": 1,
         "ETType": 1,
         "ETMultiplier": 1,
         "OfferText": "1337",
         "Claimed": false
      }


   ]
}
